Oxford,Oxford,Oxford,Oxford,Oxford,Oxford,Oxford,Oxford,Oxford,Oxford,Oxford,Oxford,Oxford,Oxford,Oxford,Oxford,Oxford,Oxford,Oxford,Oxford,Oxford,Oxford,Oxford,Oxford,USP,USP,USP,USP,USP,USP,USP,USP,USP,USP,USP,USP,USP,USP,USP,USP,USP,USP,USP,USP,USP,USP,USP,USP,USP,USP,USP,USP,USP,USP,USP,USP,USP,USP,USP,USP,USP,USP,USP,USP,USP,USP,USP,USP,USP,USP,USP,USP,USP,USP,USP,USP,USP,USP,USP,USP
Participant_1,Participant_1,Participant_2,Participant_2,Participant_3,Participant_3,Participant_4,Participant_4,Participant_5,Participant_5,Participant_6,Participant_6,Participant_7,Participant_7,Participant_8,Participant_8,Participant_9,Participant_9,Participant_10,Participant_10,Participant_11,Participant_11,Participant_12,Participant_12,Participant_1,Participant_1,Participant_2,Participant_2,Participant_3,Participant_3,Participant_4,Participant_4,Participant_5,Participant_5,Participant_6,Participant_6,Participant_7,Participant_7,Participant_8,Participant_8,Participant_9,Participant_9,Participant_10,Participant_10,Participant_11,Participant_11,Participant_12,Participant_12,Participant_13,Participant_13,Participant_14,Participant_14,Participant_15,Participant_15,Participant_16,Participant_16,Participant_17,Participant_17,Participant_18,Participant_18,Participant_19,Participant_19,Participant_20,Participant_20,Participant_21,Participant_21,Participant_22,Participant_22,Participant_23,Participant_23,Participant_24,Participant_24,Participant_25,Participant_25,Participant_26,Participant_26,Participant_27,Participant_27,Participant_28,Participant_28 
INPUT,OUTPUT,INPUT,OUTPUT,INPUT,OUTPUT,INPUT,OUTPUT,INPUT,OUTPUT,INPUT,OUTPUT,INPUT,OUTPUT,INPUT,OUTPUT,INPUT,OUTPUT,INPUT,OUTPUT,INPUT,OUTPUT,INPUT,OUTPUT,INPUT,OUTPUT,INPUT,OUTPUT,INPUT,OUTPUT,INPUT,OUTPUT,INPUT,OUTPUT,INPUT,OUTPUT,INPUT,OUTPUT,INPUT,OUTPUT,INPUT,OUTPUT,INPUT,OUTPUT,INPUT,OUTPUT,INPUT,OUTPUT,INPUT,OUTPUT,INPUT,OUTPUT,INPUT,OUTPUT,INPUT,OUTPUT,INPUT,OUTPUT,INPUT,OUTPUT,INPUT,OUTPUT,INPUT,OUTPUT,INPUT,OUTPUT,INPUT,OUTPUT,INPUT,OUTPUT,INPUT,OUTPUT,INPUT,OUTPUT,INPUT,OUTPUT,INPUT,OUTPUT,INPUT,OUTPUT
LOSE,LOSE,WIN,WIN,WIN,WIN,WIN,WIN,WIN,WIN,LOSE,LOSE,WIN,WIN,LOSE,LOSE,LOSE,LOSE,WIN,WIN,LOSE,LOSE,LOSE,LOSE,WIN,WIN,WIN,WIN,WIN,WIN,WIN,WIN,WIN,WIN,WIN,WIN,WIN,WIN,LOSE,LOSE,LOSE,LOSE,LOSE,LOSE,LOSE,LOSE,LOSE,LOSE,LOSE,LOSE,LOSE,LOSE,WIN,WIN,WIN,WIN,WIN,WIN,WIN,WIN,WIN,WIN,WIN,WIN,WIN,WIN,LOSE,LOSE,LOSE,LOSE,LOSE,LOSE,LOSE,LOSE,LOSE,LOSE,LOSE,LOSE,LOSE,LOSE
-1,-1,-1,-1,-1,1,-1,1,-1,1,-1,-1,-1,-1,-1,1,-1,-1,-1,1,-1,1,-1,-1,1,-1,1,-1,1,-1,-1,1,1,-1,1,1,-1,1,1,1,1,1,-1,-1,1,1,1,-1,1,1,-1,1,1,1,1,1,1,1,1,-1,1,1,1,1,1,1,1,-1,1,-1,1,1,1,1,1,-1,1,-1,1,1
1,1,1,-1,1,1,1,-1,1,1,1,1,1,-1,1,-1,1,-1,1,-1,1,-1,1,-1,1,1,1,1,1,1,-1,-1,1,1,-1,1,1,1,-1,1,1,-1,1,-1,1,1,1,-1,1,1,-1,1,1,1,1,1,1,1,1,1,1,1,1,1,1,-1,1,1,1,1,1,1,1,-1,1,1,1,1,1,-1
1,1,1,-1,1,1,1,1,1,1,1,1,1,1,1,1,1,1,1,1,1,1,1,1,1,-1,-1,1,1,1,1,-1,-1,1,-1,-1,1,1,-1,-1,1,1,1,1,1,-1,1,-1,1,-1,1,-1,1,1,1,1,1,1,1,1,1,1,1,1,1,1,1,1,1,1,1,1,1,1,1,1,1,-1,1,-1
1,1,1,-1,1,1,1,1,1,1,1,1,1,1,1,1,1,1,1,1,1,1,1,1,1,1,-1,-1,1,1,1,1,-1,1,1,-1,1,-1,1,-1,1,-1,1,1,1,-1,-1,-1,-1,-1,1,1,1,1,1,1,1,1,1,-1,1,-1,1,1,1,1,1,1,1,1,1,1,1,1,1,1,1,1,1,1
-1,1,-1,-1,-1,-1,-1,1,-1,1,-1,-1,-1,-1,-1,1,-1,-1,-1,1,-1,-1,-1,-1,-1,-1,1,-1,1,-1,1,-1,1,1,1,-1,-1,-1,1,1,-1,-1,1,1,-1,-1,-1,-1,-1,-1,1,1,1,1,1,1,1,1,1,1,1,1,1,1,1,1,1,1,1,-1,1,1,1,1,1,1,1,1,1,1
1,1,1,1,1,1,1,-1,1,1,1,1,1,1,1,1,1,1,1,1,1,-1,1,1,-1,1,1,1,1,1,1,1,1,1,1,-1,-1,-1,1,-1,-1,-1,-1,-1,-1,-1,1,-1,1,1,1,1,-1,1,-1,1,-1,1,-1,1,-1,-1,-1,1,-1,1,-1,1,-1,1,-1,1,-1,1,-1,1,-1,1,-1,1
1,1,1,1,1,-1,1,1,1,1,1,1,1,1,1,1,1,1,1,1,1,1,1,1,1,1,-1,-1,1,1,1,1,1,-1,-1,1,1,-1,1,1,1,-1,-1,1,1,1,1,1,1,1,1,1,-1,-1,-1,-1,-1,-1,-1,-1,-1,-1,-1,1,-1,-1,-1,1,-1,1,-1,-1,-1,-1,-1,1,-1,-1,-1,1
-1,1,-1,1,-1,-1,-1,1,-1,1,-1,1,-1,1,-1,-1,-1,-1,-1,1,-1,1,-1,-1,1,1,-1,-1,1,1,1,1,-1,1,-1,1,1,1,1,-1,1,1,1,1,1,1,1,1,1,1,1,1,1,-1,1,-1,1,-1,1,-1,1,-1,1,-1,1,-1,1,-1,1,-1,1,-1,1,-1,1,-1,1,-1,1,-1
1,1,1,1,1,-1,1,-1,1,1,1,-1,1,-1,1,1,1,1,1,1,1,-1,1,1,1,1,1,-1,1,1,1,1,-1,1,1,1,1,1,1,1,1,1,1,1,1,1,-1,-1,-1,-1,1,1,1,1,1,1,1,1,1,1,1,1,1,-1,1,1,1,-1,1,1,1,1,1,1,1,1,1,1,1,-1
1,1,1,1,1,1,1,1,1,1,1,1,1,1,1,1,1,1,1,1,1,1,1,1,1,1,1,1,1,1,1,1,1,-1,1,-1,1,-1,1,1,1,-1,1,1,1,1,-1,-1,-1,-1,1,1,-1,-1,-1,1,-1,1,-1,1,-1,1,-1,-1,-1,1,-1,1,-1,1,-1,1,-1,1,-1,1,-1,-1,-1,1
-1,1,-1,1,-1,1,-1,1,-1,1,-1,1,-1,1,-1,1,-1,1,-1,1,-1,1,-1,-1,1,1,-1,-1,-1,1,1,1,1,-1,1,-1,1,-1,1,1,-1,-1,-1,-1,-1,-1,1,-1,1,1,-1,1,-1,1,-1,-1,-1,1,-1,-1,-1,-1,-1,-1,-1,-1,-1,-1,-1,1,-1,-1,-1,-1,-1,1,-1,-1,-1,1
1,1,1,1,1,1,1,1,1,1,1,-1,1,-1,1,-1,1,-1,1,1,1,1,1,1,1,-1,-1,-1,-1,1,1,1,-1,1,1,1,1,-1,1,1,-1,-1,-1,-1,-1,-1,1,1,1,1,-1,1,1,1,1,1,1,1,1,1,1,1,1,-1,1,-1,1,-1,1,-1,1,1,1,-1,1,-1,1,-1,1,1
1,1,1,-1,1,-1,1,1,1,1,1,1,1,1,1,1,1,1,1,1,1,-1,1,1,1,1,1,1,1,-1,-1,-1,-1,-1,1,-1,1,-1,1,1,1,-1,1,1,1,1,1,1,1,-1,1,-1,1,1,1,1,1,1,1,-1,1,1,1,-1,1,1,1,1,1,1,1,-1,1,1,1,1,1,1,1,1
1,-1,1,-1,1,-1,1,1,1,1,1,1,1,1,1,1,1,-1,1,1,1,1,1,-1,1,-1,1,1,1,1,-1,1,1,1,-1,1,1,-1,1,-1,1,1,1,-1,1,1,-1,-1,-1,-1,1,1,1,-1,1,-1,1,1,1,1,1,1,1,-1,1,1,1,-1,1,1,1,1,1,-1,1,1,1,-1,1,1
-1,1,-1,-1,-1,-1,-1,-1,-1,1,-1,-1,-1,-1,-1,-1,-1,1,-1,-1,-1,1,-1,-1,1,1,-1,-1,1,1,1,-1,1,-1,-1,-1,-1,1,1,1,1,1,1,1,1,-1,-1,-1,-1,-1,1,1,1,-1,1,1,1,1,1,1,1,-1,1,1,1,-1,1,1,1,1,1,1,1,1,1,1,1,1,1,1
1,-1,1,1,1,-1,1,-1,1,1,1,1,1,1,1,-1,1,-1,1,1,1,1,1,-1,-1,1,-1,-1,-1,1,1,1,-1,1,1,-1,-1,-1,1,1,1,-1,1,1,1,1,1,-1,1,1,1,1,1,1,1,1,1,1,1,-1,1,1,1,1,1,1,1,1,1,-1,1,-1,1,1,1,1,1,1,1,-1
1,1,1,1,1,1,1,1,1,1,1,1,1,1,1,1,1,1,1,1,1,-1,1,1,-1,-1,1,1,-1,-1,1,-1,-1,1,1,1,1,-1,1,-1,1,-1,1,-1,1,-1,1,1,1,1,1,1,-1,1,-1,1,-1,1,-1,1,-1,1,-1,1,-1,1,-1,1,-1,1,-1,-1,-1,1,-1,1,-1,1,-1,1
1,1,1,-1,1,1,1,-1,1,1,1,1,1,1,1,1,1,1,1,1,1,-1,1,1,1,1,1,1,1,-1,1,1,1,-1,-1,-1,1,-1,1,1,1,-1,1,-1,1,1,-1,-1,1,1,-1,1,-1,1,-1,-1,-1,-1,-1,-1,-1,-1,-1,-1,-1,-1,-1,1,-1,-1,-1,1,-1,-1,-1,1,-1,-1,-1,-1
-1,-1,-1,-1,-1,1,-1,-1,-1,1,-1,-1,-1,-1,-1,1,-1,-1,-1,1,-1,1,-1,-1,1,1,1,-1,1,-1,1,1,1,1,-1,-1,1,1,1,1,-1,-1,1,1,-1,-1,-1,-1,1,-1,-1,-1,1,1,1,1,1,1,1,1,1,-1,1,-1,1,1,1,-1,1,-1,1,-1,1,-1,1,-1,1,-1,1,-1
1,-1,1,1,1,1,1,-1,1,1,1,-1,1,1,1,1,1,-1,1,1,1,-1,1,1,1,1,1,1,1,-1,1,1,1,1,1,1,1,1,1,1,-1,-1,-1,-1,-1,-1,1,1,1,-1,1,1,1,1,1,1,1,1,1,1,1,1,1,1,1,-1,1,1,1,1,1,1,1,1,1,1,1,1,1,1
1,1,1,1,1,-1,1,-1,1,1,1,-1,1,1,1,1,1,1,1,1,1,1,1,1,1,1,1,1,1,1,1,-1,-1,1,1,1,-1,1,1,1,1,1,-1,1,1,-1,1,1,1,-1,1,1,1,1,1,1,1,1,1,1,1,1,1,1,1,-1,1,-1,1,1,1,-1,1,-1,1,1,1,1,1,1
1,1,1,1,1,1,1,1,1,1,1,1,1,1,1,1,1,1,1,-1,1,1,1,1,-1,1,-1,-1,1,1,-1,1,-1,1,1,1,-1,-1,1,1,1,1,1,1,1,1,1,-1,1,-1,1,1,1,1,1,1,1,1,1,1,1,1,1,1,1,1,1,1,1,1,1,1,1,1,1,1,1,1,1,1
1,1,1,-1,1,-1,1,1,1,1,1,-1,1,-1,1,-1,1,-1,1,1,1,-1,1,-1,-1,-1,-1,-1,-1,1,-1,1,1,1,1,1,1,1,1,1,1,1,1,1,1,1,-1,-1,1,-1,1,1,1,1,1,1,1,1,1,1,1,1,1,1,1,1,1,1,1,1,1,1,1,1,1,1,1,1,1,-1
1,-1,1,-1,1,1,1,1,1,1,1,-1,1,-1,1,-1,1,1,1,-1,1,-1,1,-1,1,1,1,-1,-1,1,1,1,1,-1,1,-1,1,-1,1,1,1,1,-1,1,1,1,-1,-1,1,-1,1,-1,-1,1,-1,-1,-1,1,-1,1,-1,1,-1,1,-1,1,-1,1,-1,1,-1,1,-1,1,-1,1,-1,1,-1,-1
1,-1,1,-1,1,-1,1,-1,1,1,1,1,1,-1,1,1,1,1,1,-1,1,1,1,-1,1,1,1,1,1,1,1,-1,1,-1,1,-1,-1,1,-1,1,1,-1,-1,1,1,-1,1,-1,1,-1,1,1,-1,1,-1,-1,-1,-1,-1,-1,-1,-1,-1,1,-1,-1,-1,-1,-1,-1,-1,-1,-1,-1,-1,-1,-1,-1,-1,-1
1,-1,1,-1,1,1,1,1,1,1,1,-1,1,1,1,1,1,-1,1,-1,1,1,1,1,1,1,1,-1,1,-1,1,1,1,1,-1,-1,-1,-1,-1,1,-1,1,1,1,-1,1,1,1,1,-1,-1,1,1,1,1,1,1,1,1,-1,1,-1,1,1,1,1,1,-1,1,-1,1,-1,1,-1,1,-1,1,1,1,1
-1,1,-1,-1,-1,1,-1,1,-1,1,-1,1,-1,-1,-1,1,-1,1,-1,-1,-1,-1,-1,-1,1,-1,1,-1,-1,-1,-1,-1,1,1,-1,1,1,-1,1,-1,-1,-1,1,1,-1,-1,1,-1,-1,1,-1,1,1,1,1,1,1,1,1,1,1,1,1,1,1,-1,1,-1,1,1,1,1,1,1,1,1,1,1,1,1
1,-1,1,1,1,-1,1,1,1,1,1,1,1,1,1,-1,1,-1,1,-1,1,-1,1,1,1,1,-1,-1,-1,1,-1,-1,-1,1,1,1,1,-1,1,1,1,1,1,1,1,-1,1,-1,-1,-1,1,1,-1,1,-1,1,-1,1,-1,1,-1,1,-1,1,-1,1,-1,1,-1,1,-1,-1,-1,1,-1,1,-1,1,-1,-1
1,1,1,1,1,-1,1,-1,1,1,1,-1,1,1,1,1,1,1,1,1,1,1,1,1,1,1,-1,-1,1,1,1,1,-1,1,1,1,1,-1,1,1,1,1,1,1,1,1,1,-1,1,1,1,1,-1,-1,-1,-1,-1,-1,-1,-1,-1,-1,-1,-1,-1,1,-1,1,-1,1,-1,-1,-1,-1,-1,1,-1,-1,-1,-1
-1,1,-1,1,-1,-1,-1,1,-1,1,-1,1,-1,1,-1,1,-1,1,-1,1,-1,1,-1,1,1,-1,1,1,1,-1,1,1,1,1,1,-1,1,1,-1,1,-1,1,1,-1,-1,1,-1,1,1,1,1,1,1,1,1,1,1,1,1,-1,1,1,1,-1,1,-1,1,-1,1,-1,1,1,1,-1,1,-1,1,-1,1,1
1,-1,1,1,1,1,1,-1,1,1,1,-1,1,-1,1,1,1,-1,1,1,1,1,1,1,1,1,1,1,1,1,1,-1,1,1,-1,-1,1,-1,-1,-1,-1,1,-1,-1,-1,-1,-1,-1,1,1,-1,1,1,1,1,1,1,1,1,1,1,1,1,-1,1,1,1,1,1,1,1,1,1,1,1,1,1,1,1,1
-1,-1,-1,1,-1,1,-1,1,-1,1,-1,1,-1,1,-1,1,-1,1,-1,1,-1,1,-1,1,1,1,1,1,1,1,-1,1,-1,1,-1,-1,-1,1,1,1,1,1,-1,-1,1,1,1,-1,1,1,-1,-1,-1,-1,-1,-1,-1,1,-1,1,-1,1,-1,-1,-1,1,-1,1,-1,1,-1,1,-1,1,-1,1,-1,1,-1,1
1,1,1,1,1,1,1,-1,1,1,1,1,1,1,1,1,1,-1,1,1,1,-1,1,-1,1,1,1,1,1,-1,-1,-1,-1,-1,1,-1,-1,-1,1,1,1,1,1,1,1,-1,1,-1,1,-1,1,1,-1,-1,-1,-1,-1,-1,-1,-1,-1,-1,-1,-1,-1,-1,-1,-1,-1,-1,-1,-1,-1,-1,-1,1,-1,-1,-1,1
1,-1,1,1,1,1,1,-1,1,1,1,1,1,1,1,1,1,1,1,1,1,-1,1,-1,-1,-1,-1,-1,1,-1,1,1,1,-1,1,1,1,-1,1,1,1,1,1,1,1,1,1,1,-1,1,1,1,1,1,1,1,1,1,1,-1,1,1,1,-1,1,-1,1,1,1,1,1,-1,1,1,1,-1,1,1,1,1
-1,-1,-1,1,-1,1,-1,1,-1,1,-1,1,-1,1,-1,1,-1,1,-1,1,-1,1,-1,1,-1,-1,-1,-1,1,-1,1,-1,1,1,1,-1,1,-1,1,1,1,1,1,1,1,-1,1,1,-1,1,-1,1,1,1,1,1,1,1,1,1,1,1,1,1,1,1,1,1,1,1,1,1,1,-1,1,1,1,-1,1,1
-1,-1,-1,1,-1,1,-1,-1,-1,1,-1,-1,-1,-1,-1,1,-1,1,-1,1,-1,1,-1,-1,1,1,1,1,1,1,1,-1,1,-1,1,1,-1,1,1,1,-1,1,1,1,-1,1,1,-1,1,1,-1,-1,1,-1,1,-1,1,1,1,1,1,1,1,1,1,1,1,-1,1,-1,1,1,1,1,1,1,1,-1,1,-1
-1,1,-1,1,-1,1,-1,-1,-1,1,-1,1,-1,1,-1,1,-1,1,-1,-1,-1,-1,-1,1,1,1,1,1,1,1,1,1,1,-1,-1,1,-1,1,-1,1,-1,-1,-1,-1,-1,-1,1,1,1,1,1,1,-1,1,-1,1,-1,1,-1,1,-1,1,-1,1,-1,1,-1,-1,-1,1,-1,1,-1,-1,-1,1,-1,-1,-1,-1
-1,1,-1,-1,-1,1,-1,-1,-1,1,-1,-1,-1,1,-1,1,-1,-1,-1,1,-1,-1,-1,1,-1,1,1,1,-1,1,1,-1,1,-1,-1,1,1,1,-1,1,1,1,-1,-1,1,1,1,1,1,1,1,-1,-1,-1,-1,-1,-1,-1,-1,-1,-1,-1,-1,-1,-1,-1,-1,-1,-1,-1,-1,-1,-1,-1,-1,1,-1,-1,-1,-1
-1,-1,-1,-1,-1,1,-1,-1,-1,1,-1,-1,-1,1,-1,-1,-1,1,-1,1,-1,1,-1,-1,-1,-1,1,1,-1,1,1,1,1,1,1,1,1,1,1,1,1,1,1,1,1,1,-1,1,-1,1,1,1,1,1,1,-1,1,1,1,-1,1,1,1,-1,1,1,1,1,1,1,1,-1,1,1,1,1,1,1,1,-1
-1,-1,-1,1,-1,1,-1,1,-1,1,-1,-1,-1,-1,-1,-1,-1,1,-1,1,-1,-1,-1,-1,1,-1,1,-1,1,-1,-1,1,1,1,1,1,1,1,1,1,1,1,1,1,1,1,-1,-1,-1,-1,1,1,1,1,1,1,1,1,1,1,1,1,1,-1,1,1,1,1,1,1,1,1,1,1,1,1,1,1,1,1
1,-1,1,-1,1,1,1,1,1,-1,1,-1,1,1,1,-1,1,1,1,-1,1,-1,1,-1,1,1,1,-1,1,-1,-1,-1,1,1,-1,1,1,-1,1,1,1,1,1,1,1,1,1,-1,1,1,1,1,-1,1,-1,1,-1,1,-1,1,-1,1,-1,-1,-1,-1,-1,1,-1,1,-1,1,-1,-1,-1,1,-1,1,-1,1
1,1,1,-1,1,1,1,-1,1,1,1,1,1,1,1,1,1,1,1,1,1,-1,1,-1,-1,1,1,-1,1,-1,1,-1,-1,1,-1,1,1,-1,1,1,1,1,1,1,1,-1,1,1,1,1,1,-1,-1,-1,-1,-1,-1,-1,-1,1,-1,-1,-1,-1,-1,1,-1,-1,-1,-1,-1,-1,-1,-1,-1,1,-1,-1,-1,-1
1,1,1,1,1,1,1,1,1,1,1,1,1,1,1,1,1,1,1,1,1,1,1,1,-1,-1,1,1,-1,1,1,1,-1,-1,1,-1,1,-1,-1,1,1,-1,1,-1,1,1,1,1,1,1,1,1,1,1,1,1,1,1,1,-1,1,1,1,-1,1,-1,1,-1,1,1,1,1,1,-1,1,1,1,1,1,1
1,1,1,1,1,1,1,1,1,1,1,1,1,1,1,1,1,1,1,1,1,1,1,1,1,-1,-1,-1,-1,1,1,1,1,-1,1,-1,1,1,-1,-1,-1,-1,-1,-1,-1,-1,1,1,1,-1,1,-1,1,1,1,1,1,-1,1,1,1,1,1,1,1,1,1,1,1,1,1,-1,1,1,1,1,1,1,1,1
-1,1,-1,1,-1,-1,-1,1,-1,1,-1,1,-1,1,-1,1,-1,-1,-1,-1,-1,1,-1,-1,1,1,-1,-1,1,-1,1,1,1,1,1,-1,1,1,1,1,-1,-1,-1,-1,-1,-1,1,-1,1,-1,1,1,1,1,1,-1,1,-1,1,-1,1,1,1,1,1,1,1,1,1,-1,1,1,1,1,1,-1,1,1,1,-1
1,1,1,-1,1,-1,1,1,1,-1,1,1,1,-1,1,1,1,-1,1,-1,1,-1,1,-1,1,1,1,-1,1,1,1,1,1,1,1,1,1,1,1,1,1,-1,1,1,1,1,1,1,1,-1,1,1,1,-1,1,-1,1,-1,1,1,1,1,1,1,1,1,1,-1,1,-1,1,-1,1,-1,1,-1,1,-1,1,-1
1,1,1,-1,1,-1,1,1,1,1,1,1,1,1,1,1,1,1,1,-1,1,-1,1,-1,-1,1,1,1,-1,1,-1,1,1,1,1,-1,-1,1,-1,1,1,1,1,1,1,1,1,1,1,-1,1,1,1,-1,1,1,1,-1,1,1,1,1,1,1,1,1,1,1,1,1,1,1,1,1,1,1,1,-1,1,-1
1,1,1,1,1,-1,1,1,1,1,1,1,1,1,1,1,1,1,1,1,1,1,1,1,-1,-1,1,1,-1,1,-1,-1,1,1,-1,1,-1,1,-1,1,1,1,1,1,1,1,-1,1,1,-1,1,1,1,1,1,1,1,1,1,1,1,1,1,1,1,-1,1,1,1,1,1,1,1,1,1,1,1,-1,1,-1
-1,1,-1,1,-1,1,-1,1,-1,1,-1,1,-1,1,-1,1,-1,1,-1,1,-1,1,-1,1,1,1,1,1,1,1,1,-1,-1,1,-1,1,1,-1,1,1,1,1,1,1,1,1,-1,-1,1,-1,1,1,1,1,1,1,1,1,1,1,1,1,1,1,1,1,1,-1,1,1,1,1,1,1,1,1,1,-1,1,1
1,-1,1,1,1,-1,1,1,1,-1,1,1,1,-1,1,1,1,-1,1,-1,1,-1,1,-1,1,1,1,1,1,-1,1,1,-1,-1,1,1,1,-1,1,1,1,1,1,1,1,1,1,-1,-1,-1,1,1,1,1,1,1,1,1,1,1,1,1,1,1,1,-1,1,1,1,1,1,1,1,1,1,1,1,-1,1,1
1,-1,1,-1,1,1,1,-1,1,1,1,-1,1,-1,1,1,1,-1,1,-1,1,-1,1,-1,-1,-1,1,1,1,-1,-1,1,1,-1,1,1,1,1,1,1,1,1,1,1,1,1,1,1,-1,-1,1,1,1,1,1,-1,1,1,1,1,1,-1,1,1,1,1,1,1,1,1,1,1,1,1,1,1,1,-1,1,1
1,-1,1,-1,1,1,1,-1,1,1,1,-1,1,1,1,1,1,1,1,1,1,-1,1,1,-1,-1,1,1,1,1,-1,-1,1,1,1,1,1,1,1,1,1,1,-1,-1,1,-1,1,1,1,1,1,1,-1,1,-1,1,-1,1,-1,1,-1,1,-1,1,-1,1,-1,1,-1,1,-1,1,-1,1,-1,1,-1,1,-1,1
1,-1,1,1,1,1,1,-1,1,1,1,1,1,1,1,1,1,1,1,1,1,1,1,1,1,1,1,-1,1,-1,1,1,-1,1,1,1,-1,1,1,1,1,1,-1,-1,1,1,1,1,1,1,-1,1,-1,-1,-1,-1,-1,-1,-1,-1,-1,-1,-1,-1,-1,-1,-1,-1,-1,-1,-1,-1,-1,-1,-1,-1,-1,-1,-1,1
1,1,1,1,1,-1,1,-1,1,1,1,1,1,-1,1,-1,1,-1,1,1,1,1,1,1,1,1,-1,1,-1,-1,1,-1,-1,-1,1,1,-1,1,1,1,-1,-1,1,1,-1,-1,-1,1,1,1,-1,1,1,1,1,1,1,1,1,-1,1,1,1,-1,1,-1,1,-1,1,1,1,-1,1,-1,1,-1,1,1,1,1
1,-1,1,1,1,-1,1,-1,1,1,1,1,1,-1,1,1,1,1,1,-1,1,1,1,1,1,-1,-1,1,-1,-1,1,1,1,-1,1,1,1,1,-1,1,-1,-1,1,1,-1,-1,-1,-1,1,1,1,1,1,1,1,1,1,1,1,1,1,1,1,1,1,1,1,1,1,1,1,1,1,1,1,1,1,1,1,1
-1,1,-1,-1,-1,-1,-1,1,-1,1,-1,1,-1,1,-1,1,-1,1,-1,-1,-1,-1,-1,1,1,1,1,-1,1,-1,1,1,1,1,1,1,1,-1,-1,-1,1,1,-1,1,1,1,1,1,1,1,1,1,-1,1,-1,1,-1,1,-1,1,-1,-1,-1,1,-1,1,-1,1,-1,1,-1,1,-1,1,-1,1,-1,1,-1,-1
-1,1,-1,1,-1,-1,-1,1,-1,-1,-1,1,-1,-1,-1,1,-1,-1,-1,1,-1,-1,-1,1,-1,1,1,1,1,1,1,1,1,1,-1,1,-1,-1,1,-1,1,1,-1,-1,1,1,1,1,1,-1,1,1,-1,-1,-1,-1,-1,-1,-1,1,-1,-1,-1,-1,-1,-1,-1,-1,-1,-1,-1,-1,-1,-1,-1,-1,-1,-1,-1,-1
-1,-1,-1,-1,-1,1,-1,-1,-1,-1,-1,-1,-1,-1,-1,-1,-1,1,-1,1,-1,-1,-1,-1,-1,-1,1,1,1,1,1,1,1,1,-1,1,-1,1,1,1,1,1,1,1,1,1,1,-1,1,-1,-1,1,1,1,1,1,1,1,1,-1,1,1,1,-1,1,1,1,1,1,1,1,-1,1,-1,1,-1,1,1,1,1
1,-1,1,-1,1,1,1,-1,1,-1,1,-1,1,-1,1,-1,1,1,1,1,1,-1,1,-1,1,-1,-1,1,1,-1,1,-1,1,1,1,-1,1,1,-1,1,1,-1,1,1,1,1,-1,-1,-1,-1,-1,-1,1,1,1,1,1,1,1,1,1,1,1,1,1,-1,1,1,1,1,1,1,1,-1,1,1,1,1,1,1
1,1,1,1,1,1,1,1,1,1,1,1,1,-1,1,1,1,1,1,1,1,1,1,-1,1,1,-1,-1,1,1,-1,1,1,1,1,-1,1,1,-1,1,1,-1,-1,-1,1,1,-1,-1,-1,-1,1,1,1,1,1,1,1,1,1,1,1,-1,1,1,1,1,1,-1,1,1,1,-1,1,1,1,1,1,1,1,-1
1,1,1,1,1,1,1,1,1,1,1,1,1,1,1,1,1,1,1,1,1,1,1,1,1,1,1,-1,1,1,-1,-1,1,1,-1,1,1,-1,1,-1,1,1,-1,-1,1,1,1,1,1,-1,1,1,1,1,1,1,1,1,1,1,1,1,1,1,1,1,1,1,1,1,1,1,1,1,1,1,1,-1,1,-1
1,1,1,-1,1,1,1,1,1,1,1,1,1,1,1,1,1,1,1,1,1,1,1,-1,1,-1,1,1,1,1,1,1,1,1,-1,1,-1,-1,1,1,1,1,1,1,1,1,1,1,1,1,1,1,-1,1,-1,1,-1,1,-1,1,-1,1,-1,1,-1,1,-1,-1,-1,1,-1,1,-1,1,-1,1,-1,1,-1,-1
-1,1,-1,-1,-1,1,-1,-1,-1,1,-1,1,-1,-1,-1,1,-1,1,-1,-1,-1,-1,-1,1,-1,1,-1,1,-1,-1,1,1,1,1,1,-1,-1,-1,-1,1,1,1,1,1,1,1,1,1,-1,1,1,1,-1,-1,-1,-1,-1,-1,-1,-1,-1,-1,-1,1,-1,1,-1,-1,-1,-1,-1,-1,-1,1,-1,1,-1,-1,-1,-1
-1,-1,-1,-1,-1,-1,-1,-1,-1,-1,-1,1,-1,-1,-1,1,-1,1,-1,-1,-1,1,-1,1,-1,-1,-1,-1,-1,-1,1,1,-1,1,1,1,1,-1,-1,-1,1,1,-1,1,1,-1,-1,1,-1,-1,1,1,1,1,1,1,1,1,1,1,1,1,1,1,1,1,1,-1,1,1,1,1,1,1,1,-1,1,1,1,1
1,1,1,-1,1,1,1,-1,1,-1,1,-1,1,1,1,-1,1,1,1,1,1,-1,1,-1,1,-1,1,1,1,-1,1,-1,-1,-1,-1,1,1,1,1,1,1,-1,-1,-1,1,1,-1,-1,1,-1,1,1,1,1,1,1,1,1,1,1,1,1,1,1,1,1,1,1,1,1,1,-1,1,1,1,1,1,1,1,1
1,1,1,1,1,1,1,-1,1,1,1,1,1,1,1,1,1,1,1,1,1,1,1,-1,1,1,1,1,1,1,1,1,1,-1,-1,1,-1,-1,1,1,1,-1,1,1,1,-1,1,1,1,1,1,1,1,1,1,1,1,1,1,1,1,1,1,1,1,1,1,1,1,1,1,1,1,1,1,1,1,1,1,-1
1,1,1,1,1,1,1,-1,1,1,1,1,1,1,1,1,1,1,1,1,1,1,1,1,1,1,1,-1,1,1,-1,1,1,1,1,1,-1,-1,1,1,-1,-1,1,1,-1,1,1,1,1,1,-1,1,1,1,1,1,1,1,1,1,1,1,1,1,1,-1,1,1,1,1,1,1,1,1,1,1,1,1,1,-1
1,1,1,1,1,-1,1,1,1,1,1,1,1,1,1,1,1,-1,1,1,1,1,1,1,-1,1,1,1,-1,-1,-1,-1,-1,1,1,1,1,1,-1,1,-1,-1,1,1,-1,-1,-1,1,1,1,-1,-1,1,-1,1,-1,1,1,1,1,1,1,1,1,1,1,1,1,1,1,1,1,1,1,1,1,1,1,1,-1
1,-1,1,1,1,-1,1,1,1,1,1,1,1,-1,1,1,1,-1,1,-1,1,-1,1,-1,-1,-1,1,1,-1,-1,1,-1,-1,1,1,1,1,-1,-1,-1,1,-1,1,-1,1,1,-1,-1,-1,-1,1,1,-1,-1,-1,1,-1,1,-1,1,-1,1,-1,1,-1,1,-1,1,-1,1,-1,1,-1,1,-1,1,-1,1,-1,-1
1,1,1,1,1,-1,1,1,1,1,1,1,1,1,1,1,1,-1,1,-1,1,-1,1,1,1,1,-1,1,1,-1,1,-1,1,1,1,1,1,-1,1,1,1,1,1,-1,1,1,1,1,-1,-1,1,1,-1,-1,-1,-1,-1,-1,-1,-1,-1,-1,-1,-1,-1,-1,-1,1,-1,-1,-1,1,-1,-1,-1,1,-1,-1,-1,-1
-1,1,-1,-1,-1,1,-1,1,-1,1,-1,1,-1,1,-1,1,-1,-1,-1,-1,-1,1,-1,1,1,1,-1,-1,1,1,1,-1,1,1,-1,-1,1,1,1,1,-1,1,-1,-1,-1,1,1,-1,1,1,-1,1,1,1,1,1,1,1,1,1,1,1,1,-1,1,1,1,-1,1,1,1,1,1,-1,1,1,1,1,1,-1
1,-1,1,-1,1,-1,1,-1,1,-1,1,-1,1,-1,1,-1,1,-1,1,-1,1,-1,1,-1,1,1,1,-1,1,-1,1,-1,1,1,-1,-1,1,1,-1,1,-1,-1,-1,-1,-1,-1,1,-1,1,1,-1,-1,1,1,1,1,1,1,1,1,1,1,1,-1,1,-1,1,1,1,1,1,1,1,1,1,1,1,1,1,1
-1,1,-1,1,-1,1,-1,-1,-1,1,-1,1,-1,1,-1,1,-1,1,-1,1,-1,-1,-1,1,-1,-1,1,1,-1,1,1,-1,-1,1,1,1,-1,1,-1,-1,1,-1,1,1,1,1,1,1,1,1,1,1,1,1,1,1,1,1,1,1,1,1,1,-1,1,1,1,1,1,1,1,1,1,1,1,1,1,1,1,1
1,1,1,1,1,1,1,1,1,-1,1,-1,1,-1,1,1,1,-1,1,1,1,-1,1,-1,-1,-1,1,1,-1,-1,-1,-1,-1,-1,1,-1,-1,-1,1,1,1,1,1,1,1,1,1,1,1,-1,1,1,-1,1,-1,1,-1,1,-1,1,-1,1,-1,-1,-1,1,-1,1,-1,1,-1,1,-1,1,-1,1,-1,1,-1,1
1,-1,1,-1,1,1,1,1,1,1,1,1,1,1,1,1,1,1,1,1,1,1,1,-1,1,1,1,1,1,-1,-1,-1,1,-1,1,-1,1,1,1,1,1,1,1,1,1,-1,1,-1,-1,-1,1,1,-1,-1,-1,-1,-1,-1,-1,-1,-1,-1,-1,-1,-1,1,-1,-1,-1,-1,-1,-1,-1,-1,-1,1,-1,-1,-1,-1
-1,1,-1,1,-1,1,-1,1,-1,1,-1,1,-1,1,-1,1,-1,1,-1,1,-1,1,-1,-1,1,1,-1,-1,1,-1,1,-1,1,1,1,-1,1,-1,-1,1,1,1,-1,1,1,1,-1,1,-1,-1,-1,1,1,1,1,1,1,1,1,1,1,1,1,-1,1,1,1,-1,1,1,1,-1,1,1,1,1,1,1,1,1
1,-1,1,1,1,1,1,-1,1,-1,1,-1,1,1,1,1,1,1,1,1,1,-1,1,1,1,-1,-1,-1,1,1,1,1,1,1,-1,-1,1,-1,-1,1,1,1,-1,-1,1,1,-1,-1,1,-1,-1,1,1,1,1,1,1,1,1,1,1,1,1,1,1,-1,1,-1,1,1,1,1,1,1,1,1,1,1,1,1
-1,1,-1,1,-1,1,-1,1,-1,-1,-1,1,-1,1,-1,1,-1,1,-1,1,-1,-1,-1,-1,-1,1,1,1,-1,1,1,1,-1,1,-1,-1,1,1,1,1,-1,1,1,1,-1,1,1,-1,1,1,1,1,-1,1,-1,1,-1,1,-1,1,-1,1,-1,1,-1,1,-1,1,-1,1,-1,1,-1,1,-1,1,-1,1,-1,1
-1,1,-1,1,-1,1,-1,1,-1,1,-1,-1,-1,1,-1,-1,-1,1,-1,1,-1,1,-1,1,-1,-1,1,1,-1,1,1,1,-1,-1,1,1,-1,1,1,1,-1,1,1,1,-1,1,1,1,1,1,1,1,-1,-1,-1,-1,-1,-1,-1,-1,-1,-1,-1,-1,-1,-1,-1,1,-1,1,-1,1,-1,1,-1,-1,-1,-1,-1,-1
-1,1,-1,1,-1,1,-1,1,-1,1,-1,-1,-1,-1,-1,-1,-1,-1,-1,1,-1,-1,-1,1,1,-1,1,1,1,1,1,1,1,-1,1,1,-1,1,1,-1,1,1,1,1,1,-1,-1,1,1,1,-1,1,1,1,1,1,1,1,1,1,1,1,1,-1,1,1,1,1,1,1,1,-1,1,-1,1,-1,1,1,1,-1
1,1,1,-1,1,1,1,1,1,-1,1,-1,1,-1,1,-1,1,-1,1,1,1,-1,1,1,1,1,1,1,1,1,1,-1,1,1,-1,1,1,1,-1,1,1,1,-1,-1,1,1,-1,-1,1,-1,-1,1,1,1,1,1,1,1,1,1,1,1,1,1,1,1,1,1,1,1,1,1,1,1,1,1,1,1,1,1
-1,1,-1,1,-1,1,-1,1,-1,1,-1,1,-1,1,-1,1,-1,1,-1,1,-1,-1,-1,1,1,1,-1,-1,1,-1,-1,-1,1,1,-1,-1,1,1,-1,-1,1,1,-1,-1,1,1,1,1,-1,-1,1,1,1,1,1,-1,1,1,1,1,1,1,1,1,1,1,1,1,1,1,1,1,1,1,1,1,1,1,1,1
1,-1,1,1,1,1,1,-1,1,-1,1,-1,1,1,1,1,1,1,1,-1,1,1,1,1,1,1,-1,-1,1,1,-1,-1,1,1,1,1,1,-1,1,1,1,1,1,1,1,1,1,1,-1,-1,1,1,1,-1,1,-1,1,1,1,1,1,1,1,1,1,-1,1,-1,1,1,1,1,1,1,1,1,1,-1,1,-1
1,-1,1,-1,1,-1,1,1,1,-1,1,1,1,1,1,1,1,1,1,1,1,-1,1,-1,1,1,1,1,1,1,1,-1,1,1,1,1,1,-1,1,1,-1,1,1,1,-1,1,-1,1,1,-1,1,-1,1,-1,1,1,1,1,1,-1,1,1,1,1,1,1,1,1,1,-1,1,1,1,1,1,1,1,1,1,-1
1,1,1,1,1,1,1,1,1,1,1,1,1,1,1,1,1,1,1,1,1,-1,1,1,1,-1,1,1,1,1,1,-1,-1,1,-1,1,1,-1,-1,1,-1,-1,-1,1,-1,-1,-1,-1,1,1,-1,1,1,1,1,-1,1,1,1,-1,1,1,1,1,1,1,1,1,1,1,1,-1,1,1,1,1,1,1,1,-1
-1,1,-1,1,-1,1,-1,1,-1,1,-1,1,-1,1,-1,1,-1,-1,-1,1,-1,1,-1,-1,1,1,1,1,-1,-1,-1,1,-1,-1,-1,-1,1,1,-1,1,1,1,-1,-1,1,-1,1,1,-1,1,-1,-1,1,1,1,1,1,1,1,1,1,1,1,1,1,1,1,1,1,1,1,1,1,-1,1,1,1,1,1,-1
1,-1,1,1,1,-1,1,1,1,1,1,-1,1,-1,1,-1,1,1,1,1,1,-1,1,1,1,-1,1,1,-1,-1,-1,-1,1,1,1,1,1,-1,1,1,1,1,1,1,1,1,1,1,-1,1,1,1,1,1,1,1,1,1,1,1,1,1,1,1,1,-1,1,1,1,1,1,1,1,1,1,1,1,1,1,-1
1,1,1,1,1,1,1,1,1,1,1,1,1,-1,1,1,1,1,1,1,1,-1,1,-1,1,1,-1,1,1,-1,1,-1,1,1,1,1,1,1,1,1,-1,1,1,-1,-1,1,1,1,1,-1,1,1,1,1,1,-1,1,1,1,1,1,-1,1,1,1,1,1,1,1,1,1,1,1,1,1,1,1,1,1,-1
-1,1,-1,1,-1,-1,-1,1,-1,1,-1,1,-1,1,-1,1,-1,1,-1,1,-1,1,-1,1,-1,1,-1,-1,1,1,1,-1,1,1,1,1,1,1,1,-1,-1,-1,1,-1,-1,-1,1,-1,1,1,-1,-1,-1,1,-1,1,-1,1,-1,1,-1,1,-1,1,-1,-1,-1,1,-1,1,-1,1,-1,1,-1,1,-1,-1,-1,1
1,-1,1,-1,1,-1,1,-1,1,1,1,1,1,1,1,1,1,-1,1,-1,1,1,1,-1,-1,-1,1,1,1,1,-1,1,1,1,1,1,-1,-1,-1,1,1,-1,-1,-1,1,1,1,1,1,1,-1,-1,-1,-1,-1,-1,-1,-1,-1,-1,-1,-1,-1,1,-1,1,-1,-1,-1,-1,-1,-1,-1,-1,-1,1,-1,-1,-1,1
1,1,1,1,1,1,1,1,1,1,1,1,1,-1,1,1,1,1,1,-1,1,-1,1,1,1,-1,1,1,1,1,-1,1,-1,1,1,-1,-1,1,-1,-1,1,1,-1,-1,1,1,1,-1,1,1,1,1,1,1,1,1,1,1,1,1,1,1,1,1,1,1,1,-1,1,1,1,1,1,1,1,1,1,1,1,1
1,1,1,1,1,-1,1,1,1,-1,1,1,1,1,1,1,1,1,1,1,1,1,1,1,1,1,1,1,1,-1,1,-1,-1,-1,-1,-1,1,1,1,1,-1,1,1,1,-1,1,1,-1,-1,-1,1,1,1,1,1,1,1,1,1,1,1,1,1,1,1,1,1,1,1,1,1,-1,1,1,1,1,1,1,1,1
-1,1,-1,1,-1,-1,-1,1,-1,1,-1,1,-1,1,-1,1,-1,1,-1,1,-1,1,-1,-1,1,1,1,1,1,1,1,-1,1,-1,-1,-1,1,-1,1,1,-1,-1,1,1,-1,-1,1,1,-1,-1,-1,1,1,1,1,1,1,1,1,1,1,-1,1,1,1,-1,1,1,1,1,1,1,1,1,1,1,1,1,1,1
1,-1,1,-1,1,-1,1,1,1,1,1,-1,1,1,1,1,1,1,1,1,1,1,1,-1,-1,1,1,1,-1,-1,-1,-1,1,1,1,1,1,-1,1,-1,1,1,-1,1,1,1,1,1,1,1,-1,-1,1,-1,1,1,1,1,1,-1,1,1,1,1,1,1,1,1,1,1,1,-1,1,1,1,1,1,-1,1,1
1,1,1,1,1,1,1,1,1,1,1,1,1,-1,1,1,1,1,1,1,1,-1,1,1,-1,1,1,1,-1,1,-1,1,1,1,1,-1,-1,-1,1,-1,1,1,-1,-1,1,1,1,1,1,1,1,1,-1,1,-1,1,-1,1,-1,-1,-1,-1,-1,1,-1,1,-1,-1,-1,1,-1,1,-1,1,-1,1,-1,1,-1,1
-1,1,-1,1,-1,1,-1,1,-1,1,-1,1,-1,1,-1,1,-1,1,-1,1,-1,1,-1,-1,1,-1,-1,-1,1,-1,1,1,1,1,1,-1,-1,-1,1,-1,1,1,1,1,1,1,1,1,1,1,1,1,-1,-1,-1,-1,-1,-1,-1,-1,-1,-1,-1,1,-1,-1,-1,1,-1,-1,-1,1,-1,-1,-1,-1,-1,-1,-1,1
1,1,1,1,1,1,1,1,1,1,1,-1,1,1,1,1,1,1,1,1,1,-1,1,-1,1,1,-1,-1,1,-1,1,1,1,1,1,1,1,1,1,1,-1,1,1,1,-1,1,1,1,-1,-1,1,-1,1,-1,1,1,1,1,1,1,1,1,1,-1,1,1,1,-1,1,1,1,1,1,1,1,1,1,1,1,1
1,-1,1,1,1,1,1,1,1,1,1,1,1,-1,1,1,1,1,1,-1,1,-1,1,1,1,1,1,1,-1,-1,1,1,1,-1,1,1,1,1,-1,1,-1,-1,1,-1,-1,-1,1,1,-1,-1,1,1,1,1,1,1,1,1,1,1,1,1,1,-1,1,1,1,1,1,1,1,1,1,1,1,1,1,1,1,1
1,-1,1,1,1,1,1,1,1,1,1,1,1,1,1,1,1,-1,1,-1,1,1,1,1,-1,-1,1,1,-1,-1,1,1,1,-1,1,-1,-1,-1,-1,-1,1,1,1,-1,1,-1,-1,1,1,-1,-1,1,1,1,1,1,1,1,1,1,1,1,1,1,1,-1,1,-1,1,1,1,1,1,1,1,1,1,1,1,1
-1,-1,-1,1,-1,1,-1,-1,-1,1,-1,1,-1,1,-1,1,-1,-1,-1,-1,-1,1,-1,-1,-1,-1,1,1,1,1,1,1,1,-1,1,-1,-1,-1,1,1,1,1,1,-1,1,1,-1,-1,1,1,-1,-1,1,1,1,1,1,-1,1,1,1,1,1,1,1,1,1,-1,1,-1,1,-1,1,1,1,1,1,1,1,1
